{
  "Dune": {
    "genero": "Sci-fi",
    "director": "Denis Villeneuve",
    "estilo": "Epico"
  },
  "Sicario": {
    "genero": "Accion",
    "director": "Denis Villeneuve",
    "estilo": "Realista",
    "imagen": "imagenes/sicario.jpg"
  },
  "2001: Odisea espacial": {
    "genero": "Sci-fi",
    "director": "Stanley Kubrick",
    "estilo": "Estetico",
    "imagen":"imagenes/2001.jpg"
  },
  "Interstellar": {
    "genero": "Sci-fi",
    "director": "Christopher Nolan",
    "estilo": "Epico"
  },
  "El gran hotel Budapest": {
    "genero": "Comedia",
    "director": "Wes Anderson",
    "estilo": "Estetico"
  },
  "Isla de perros": {
    "genero": "Comedia",
    "director": "Wes Anderson",
    "estilo": "Stop-motion"
  },
  "Jojo Rabbit": {
    "genero": "Comedia",
    "director": "Taika Waititi",
    "estilo": "Estetico"
  },
  "Pinocchio": {
    "genero": "Fantasia",
    "director": "Guillermo del toro",
    "estilo": "Stop-motion"
  }
}