{
  "Dune": {
    "genero": "Sci-fi",
    "director": "Denis Villeneuve",
    "estilo": "Epico",
    "sinopsis": "Arrakis, también denominado 'Dune', se ha convertido en el planeta más importante del universo. A su alrededor comienza una gigantesca lucha por el poder que culmina en una guerra interestelar.",
    "imagen": "imagenes/dune.jpg"
  },
  "Sicario": {
    "genero": "Accion",
    "director": "Denis Villeneuve",
    "estilo": "Realista",
    "sinopsis": "En México, un sicario es un asesino a sueldo. Mientras que en Chandler, Arizona, la idealista agente del FBI Kate Mercer participa en una operación para intentar liberar a unos rehenes. Lo que encuentran en el lugar, sin embargo, es muy diferente de lo que esperaban.",
    "imagen": "imagenes/sicario.jpg"
  },
  "2001: Odisea espacial": {
    "genero": "Sci-fi",
    "director": "Stanley Kubrick",
    "estilo": "Estetico",
    "sinopsis": "La película de ciencia ficción por antonomasia de la historia del cine narra los diversos periodos de la historia de la humanidad, no sólo del pasado, sino también del futuro. Hace millones de años, antes de la aparición del homo sapiens, unos primates descubren un monolito que los conduce a un estadio de inteligencia superior. Millones de años después, otro monolito, enterrado en una luna, despierta el interés de los científicos.",
    "imagen":"imagenes/2001.jpg"
  },
  "Interstellar": {
    "genero": "Sci-fi",
    "director": "Christopher Nolan",
    "estilo": "Epico",
    "sinopsis": "Un grupo de científicos y exploradores, encabezados por Cooper, se embarcan en un viaje espacial para encontrar un lugar con las condiciones necesarias para reemplazar a la Tierra y comenzar una nueva vida allí. La Tierra está llegando a su fin y este grupo necesita encontrar un planeta más allá de nuestra galaxia que garantice el futuro de la raza humana.",
    "imagen": "imagenes/interestelar.jpg"
  },
  "El gran hotel Budapest": {
    "genero": "Comedia",
    "director": "Wes Anderson",
    "estilo": "Estetico",
    "sinopsis": "Gustave trabaja como conserje en el famoso gran hotel Budapest. Allí entabla amistad con Zero Moustafa, el nuevo empleado que se convierte en su protegido y a quien explica todos los secretos de la profesión. De repente, la rica Madame D. muere y deja en herencia a Gustave un preciado cuadro del Renacimiento. Sin embargo, los herederos de la rica mujer no están de acuerdo con el testamento y acusan a Gustave de asesinato. Entonces el conserje deberá escapar de la policía con la ayuda de Zero.",
    "imagen": "imagenes/el gran hotel budapest.jpg"
  },
  "Isla de perros": {
    "genero": "Comedia",
    "director": "Wes Anderson",
    "estilo": "Stop-motion",
    "sinopsis": "Todos los perros viven exiliados en la inmunda Isla Basura desde el brote de gripe canina que asoló la ciudad de Megasaki. Un grupo de duros perros alfa parece haber perdido toda esperanza cuando de repente aparece Atari, un niño que quiere recuperar a su mascota.",
    "imagen": "imagenes/isla de perros.jpg"
  },
  "Jojo Rabbit": {
    "genero": "Comedia",
    "director": "Taika Waititi",
    "estilo": "Estetico",
    "sinopsis": "Durante la Segunda Guerra Mundial, un niño que pertenece a las Juventudes Hitlerianas descubre que su madre está ocultando en el ático de su casa a una niña judía. La concepción del mundo que tienen el pequeño y su amigo imaginario, Hitler, cambia por completo con la irrupción en sus vidas de la joven hebrea.",
    "imagen": "imagenes/jojo rabbit.jpg"
  },
  "Pinocchio": {
    "genero": "Fantasia",
    "director": "Guillermo del toro",
    "estilo": "Stop-motion"
  }
}